3213,321131,3232,323131,321321
dsadsasd,dsadsad,dsads,dsada,dsadsad
dsasdsa,dsad,dsasd,dsa,sdad
dssss,ads,dsa,ss,sss
342432156,A,Guang Wei Too,Male,05/18/2002
434242,B,sadsa,dsadsa,sdadsa
2313123211,13213213213,guang Wei Too,male,2313232
ghfghfghg,hgfhgfhfghf,htfhgh,hgfhfhgfh,gfhgfhgfhfg
fdgfdgdf,fdgdfgfdgfg,gfdgd,gfdgfdgf,dgdfgdgfdg
dsasadsad,dsadsa,dsada,sadsa,sdadsad
dsad,sadsa,geioguo,dsdsds,dsds
45684987,B,Guang Wei Too,male,05/39/2002
23132121,A,Austin ,Male,05/3213
ewq,ewqeq,ewqew,ewqewq,ewqeq
